company,domain,star_rating,primary_country,category,target_titles,why_fit
Pics.io,pics.io,4,United States,"Digital asset management","Chief of Staff; COO; Head of Operations; VP Brand; Partnerships","Creative asset workflows; possible premium gifting fit for brand/design customers"
Brandfolder,brandfolder.com,4,United States,"Digital asset management","Chief of Staff; COO; Head of Operations; VP Brand; Partnerships","Brand asset platform with design/brand teams as core audience"
Bynder,bynder.com,4,Netherlands,"Digital asset management","Chief of Staff; COO; Head of Operations; VP Brand; Partnerships","Amsterdam-based brand/creative asset platform; good local artist angle"
Ceros,ceros.com,4,United States,"Interactive content design","Chief of Staff; COO; Head of Operations; VP Brand; Partnerships","Interactive creative content platform; artist-led object is brand-aligned"
Issuu,issuu.com,4,United States,"Publishing/creator tools","Chief of Staff; COO; Head of Operations; VP Brand; Partnerships","Publishing platform with design/content creator audience"
Flipsnack,flipsnack.com,3,Romania,"Publishing/design tools","Chief of Staff; COO; Head of Operations; VP Brand; Partnerships","Design-forward publishing product; regional artist curation opportunity"
Jitter,jitter.video,5,France,"Motion design","Chief of Staff; COO; Head of Operations; VP Brand; Partnerships","Motion design tool with very strong creative/art fit"
Fable,fable.app,5,United States,"Motion design","Chief of Staff; COO; Head of Operations; VP Brand; Partnerships","Collaborative motion design platform; strong visual/artist-led positioning"
PlayPlay,playplay.com,4,France,"Video creation","Chief of Staff; COO; Head of Operations; VP Brand; Partnerships","Video creation for companies; creative brand teams are core buyers"
Synthesia,synthesia.io,4,United Kingdom,"AI video","Chief of Staff; COO; Head of Operations; VP Brand; Partnerships","Premium AI video brand; investor/event gifting could fit founder/exec office"
Colossyan,colossyan.com,4,United Kingdom,"AI video","Chief of Staff; COO; Head of Operations; VP Brand; Partnerships","AI video creation; creative-edge but enterprise enough for gifting budget"
ElevenLabs,elevenlabs.io,4,United States,"AI audio/voice","Chief of Staff; COO; Head of Operations; VP Brand; Partnerships","Audio creator/AI platform with major investor attention and premium brand profile"
Suno,suno.com,5,United States,"AI music","Chief of Staff; COO; Head of Operations; VP Brand; Partnerships","Creator-driven AI music platform; artist-led gift narrative is obvious"
Udio,udio.com,5,United States,"AI music","Chief of Staff; COO; Head of Operations; VP Brand; Partnerships","AI music creation; strong creative-company fit"
Krea,krea.ai,5,United States,"AI image/video creation","Chief of Staff; COO; Head of Operations; VP Brand; Partnerships","Visual AI creation tool; artist collaboration angle is very strong"
Leonardo.Ai,leonardo.ai,5,Australia,"AI image creation","Chief of Staff; COO; Head of Operations; VP Brand; Partnerships","Australia-based creative AI platform; local artist curation angle"
Ideogram,ideogram.ai,5,Canada,"AI image creation","Chief of Staff; COO; Head of Operations; VP Brand; Partnerships","Design/AI image platform; creative investor gift fit"
Freepik,freepik.com,4,Spain,"Creative assets","Chief of Staff; COO; Head of Operations; VP Brand; Partnerships","Large creative asset platform with artist ecosystem"
Vecteezy,vecteezy.com,4,United States,"Creative assets","Chief of Staff; COO; Head of Operations; VP Brand; Partnerships","Design assets marketplace; creator/artist relevance"
Noun Project,thenounproject.com,4,United States,"Icon/design assets","Chief of Staff; COO; Head of Operations; VP Brand; Partnerships","Design/artist contributor platform; premium artist-object narrative fits"
Iconfinder,iconfinder.com,3,Denmark,"Icon/design assets","Chief of Staff; COO; Head of Operations; VP Brand; Partnerships","Danish design asset marketplace; local artist/design heritage angle"
Mubert,mubert.com,4,United States,"AI music","Chief of Staff; COO; Head of Operations; VP Brand; Partnerships","AI/music creator company; artist-led gift story fits"
Boombox,boombox.io,4,United States,"Music collaboration","Chief of Staff; COO; Head of Operations; VP Brand; Partnerships","Music collaboration product; creator/investor gifting relevance"
Soundation,soundation.com,4,Sweden,"Music creation","Chief of Staff; COO; Head of Operations; VP Brand; Partnerships","Swedish music creation platform; local Nordic artist angle"
Klangio,klang.io,3,Germany,"Music AI","Chief of Staff; COO; Head of Operations; VP Brand; Partnerships","Music transcription/AI; smaller but relevant creative-tech fit"
Crowdcast,crowdcast.io,3,United States,"Creator events","Chief of Staff; COO; Head of Operations; VP Brand; Partnerships","Creator event/community platform; premium gifting for investor/community events"
Hopin,hopin.com,3,United Kingdom,"Events/community","Chief of Staff; COO; Head of Operations; VP Brand; Partnerships","Event platform; less creative, but event gifting use case is direct"
Beacons,beacons.ai,4,United States,"Creator monetization","Chief of Staff; COO; Head of Operations; VP Brand; Partnerships","Creator business platform; founder/investor gift angle fits"
Passionfroot,passionfroot.me,4,Germany,"Creator partnerships","Chief of Staff; COO; Head of Operations; VP Brand; Partnerships","Creator sponsorship marketplace; excellent partnerships angle"
Fourthwall,fourthwall.com,4,United States,"Creator commerce","Chief of Staff; COO; Head of Operations; VP Brand; Partnerships","Creator commerce platform; gift/object and artist collaboration narrative fits"
